sample,GL__alt_9p21,GL__alt_3p21,GL__alt_chr4,alt_chr4__alt_22q,alt_3p21__alt_22q,GL__alt_14q,alt_22q__NF2,GL__alt_BAP1,GL__alt_6q,GL__alt_22q,GL__alt_1p36,GL__alt_17p,alt_9p21__alt_10q23,alt_13q__alt_22q,FBXW7__alt_1p36,alt_10q23__alt_22q,alt_22q__alt_10q23,GL__alt_10q23,alt_3p21__NF2,alt_9p21__FBXW7,GL__SETD2,GL__alt_13q,cluster
MED001,1,0,0,0,0,0,1,1,1,1,0,0,0,0,0,0,0,0,0,0,0,0,C1
MED023,1,0,0,0,0,0,0,0,0,1,0,0,0,0,0,0,0,0,0,0,0,0,C1
MED109,1,0,0,0,0,1,0,0,0,1,0,0,0,0,0,0,0,0,0,0,0,0,C1
MED103,1,0,0,0,0,1,0,1,1,1,0,1,1,0,0,1,1,1,0,0,0,0,C1
MED006,0,0,1,1,0,0,0,0,1,0,0,1,0,0,1,0,0,0,0,0,0,0,C2
MED009,0,0,1,1,0,0,1,0,1,0,1,0,0,0,0,0,0,0,0,0,0,0,C2
MED075,1,0,1,1,0,1,1,0,0,0,1,1,0,0,0,0,0,0,0,0,0,0,C2
MED012,1,0,1,1,0,0,0,0,0,1,1,0,1,0,0,1,1,1,0,0,0,0,C3
MED034,1,1,1,1,1,0,0,1,0,1,1,0,1,1,0,1,1,1,0,0,1,1,C3
MED091,1,1,1,1,1,1,1,0,0,1,0,1,1,0,0,1,1,1,1,0,1,0,C3
MED018,1,1,1,1,1,0,1,1,0,0,1,0,0,0,0,0,0,0,1,0,0,0,C4
MED033,0,1,1,1,1,0,1,1,1,0,0,0,0,0,0,0,0,0,1,0,0,0,C4
MED024,0,1,1,1,0,0,0,0,0,0,0,0,0,1,0,0,0,0,0,0,0,0,C4
MED032,0,1,0,0,1,0,1,0,0,0,0,0,0,0,0,0,0,0,0,0,1,0,C4
MED064,0,1,0,0,0,0,0,0,0,0,0,0,0,0,0,0,0,0,0,0,0,0,C4
MED027,1,1,0,0,1,0,1,0,1,0,0,0,1,0,1,0,0,0,1,1,0,0,C5
MED085,1,1,0,0,1,0,0,1,0,1,1,0,0,1,1,0,0,0,0,1,0,1,C5
MED035,1,1,1,1,1,1,0,0,1,0,1,1,0,1,0,0,0,0,0,1,1,1,C5
MED037,1,1,0,0,1,1,0,0,0,0,0,0,0,0,0,0,0,0,0,0,0,0,C5
MED078,1,1,0,0,1,1,0,0,1,0,0,0,0,1,0,0,0,0,0,0,0,1,C5
MED084,1,1,1,1,1,1,0,1,0,0,0,1,0,0,0,0,0,0,0,0,0,0,C5
MED106,1,1,1,0,0,1,0,1,0,0,0,0,0,0,1,0,0,0,0,1,0,0,C5
