sample,alt_BAP1,FBXW7,NF2,SETD2,LATS2,BRCA1,KMT2D,TP53,alt_6q,alt_9p21,alt_10q23,alt_14q,alt_17p,alt_22q,alt_1p36,alt_3p21,alt_chr4,alt_13q,CLUSTER
TCGA-TS-A8AF-01,0,0,0,0,0,0,0,0,0,1,0,0,0,0,1,0,1,0,C1
TCGA-ZN-A9VQ-01,0,0,0,0,0,0,0,0,1,0,1,0,0,1,0,1,0,0,C4
TCGA-TS-A7P7-01,0,0,0,0,0,0,0,0,1,1,0,0,0,1,0,0,1,1,C1
TCGA-UD-AAC5-01,0,0,1,0,0,0,0,1,1,1,0,0,1,1,1,1,1,0,C1
TCGA-TS-A7P3-01,0,0,0,0,0,0,0,0,0,0,0,0,1,1,0,1,0,0,C4
TCGA-ZN-A9VS-01,0,0,0,0,0,0,0,0,0,0,0,0,0,0,0,0,0,0,C2
TCGA-3U-A98G-01,0,0,0,0,0,0,0,0,0,0,0,0,0,0,0,0,0,0,C2
TCGA-UD-AABZ-01,0,0,1,0,0,0,0,0,0,1,0,1,0,1,0,1,1,1,C5
TCGA-LK-A4NZ-01,0,0,1,0,0,0,0,0,1,0,0,0,1,1,0,1,0,0,C4
TCGA-TS-A8AI-01,0,0,0,0,0,0,0,0,0,1,1,0,0,1,0,1,1,1,C3
TCGA-TS-A7PB-01,0,0,0,1,0,0,0,0,1,0,1,0,0,0,0,1,0,0,C4
TCGA-UD-AAC6-01,0,0,0,0,0,0,0,0,0,1,0,0,0,1,1,0,0,0,C1
TCGA-MQ-A4LC-01,0,0,0,0,0,0,0,0,1,0,0,0,0,0,0,1,0,1,C4
TCGA-SC-A6LP-01,0,0,1,0,0,0,0,1,0,0,0,0,0,0,0,0,0,0,C2
TCGA-UD-AAC1-01,0,0,0,0,1,0,0,1,0,0,0,0,0,0,0,0,0,0,C2
TCGA-YS-A95C-01,1,0,0,0,0,0,0,0,0,0,0,1,0,1,1,1,0,0,C4
TCGA-MQ-A6BN-01,0,0,0,0,0,0,0,0,0,0,0,0,0,1,0,1,0,0,C4
TCGA-3U-A98I-01,0,0,0,0,0,0,0,1,1,0,0,1,0,1,0,0,1,1,C2
TCGA-LK-A4NY-01,0,0,0,0,0,0,0,0,0,1,0,1,0,1,1,0,0,0,C5
TCGA-MQ-A4KX-01,1,0,0,0,0,0,0,0,1,0,0,0,0,0,0,1,0,1,C4
TCGA-LK-A4O6-01,0,0,0,0,0,0,0,0,0,0,0,1,0,1,1,1,1,0,C4
TCGA-ZN-A9VW-01,0,0,1,0,0,0,0,0,0,1,1,0,0,1,1,0,0,0,C3
TCGA-UD-AABY-01,0,0,0,0,0,0,0,0,0,1,1,0,0,0,0,0,0,0,C3
TCGA-3U-A98J-01,0,0,0,0,0,0,0,0,0,0,0,1,0,1,0,0,0,0,C2
TCGA-TS-A8AY-01,0,0,0,0,0,0,0,0,1,1,0,1,1,1,0,0,1,1,C5
TCGA-SC-A6LQ-01,0,0,0,0,0,0,0,0,0,0,0,0,1,1,0,0,0,0,C2
TCGA-3H-AB3K-01,1,0,1,0,0,0,0,0,1,0,0,0,0,1,0,0,0,0,C2
TCGA-UD-AAC7-01,0,0,1,0,0,0,0,1,1,1,0,1,1,1,0,1,1,1,C5
TCGA-MQ-A6BR-01,0,0,1,0,0,0,0,1,0,0,0,0,0,0,0,0,1,0,C2
TCGA-YS-AA4M-01,0,0,1,0,0,0,0,0,0,0,0,0,0,0,0,0,0,1,C2
TCGA-ZN-A9VO-01,0,0,1,0,0,0,0,0,1,0,1,0,1,1,0,1,0,1,C4
TCGA-MQ-A6BS-01,0,0,0,1,0,0,0,0,0,0,0,0,0,0,0,0,0,0,C2
TCGA-SH-A7BD-01,0,0,0,0,0,0,0,0,0,0,1,0,0,1,0,1,0,1,C4
TCGA-YS-A95B-01,0,0,0,0,0,0,0,0,0,0,0,1,1,1,0,0,0,0,C2
TCGA-ZN-A9VV-01,1,0,1,1,0,0,0,0,0,0,0,0,0,1,0,1,0,0,C4
TCGA-UD-AAC4-01,1,0,0,0,0,0,0,0,0,0,1,0,0,1,1,1,0,0,C4
TCGA-TS-A7OZ-01,0,0,1,0,0,0,0,0,0,1,0,1,0,1,0,0,1,0,C5
TCGA-MQ-A6BL-01,0,0,0,0,1,0,0,0,1,0,0,0,0,0,1,1,0,1,C4
TCGA-UT-A88C-01,1,0,0,1,0,0,0,0,0,0,0,0,1,0,0,1,0,1,C4
TCGA-UT-A97Y-01,0,0,0,0,0,0,0,0,0,0,0,1,0,1,0,0,1,0,C2
TCGA-SH-A7BC-01,0,0,0,0,0,0,0,0,1,1,0,1,0,1,1,1,0,1,C5
TCGA-SC-AA5Z-01,0,0,1,0,0,0,0,1,0,0,0,0,0,0,0,0,0,0,C2
TCGA-UT-A88D-01,1,0,0,0,0,0,0,0,0,1,0,0,0,1,0,0,0,0,C1
TCGA-SH-A7BH-01,0,0,0,0,0,0,0,1,0,0,1,1,1,0,0,0,1,1,C2
TCGA-ZN-A9VU-01,0,0,0,0,0,0,0,0,1,0,0,0,0,1,0,1,0,1,C4
TCGA-NQ-A638-01,0,0,0,0,0,0,0,0,0,1,0,0,0,0,0,0,0,0,C1
TCGA-3U-A98H-01,1,0,1,1,0,0,0,0,0,0,0,0,0,1,0,1,0,0,C4
TCGA-MQ-A4LV-01,1,0,1,1,1,0,0,0,0,1,1,0,0,1,0,1,0,1,C3
TCGA-LK-A4O0-01,0,0,0,0,1,0,0,0,1,1,1,1,1,1,1,1,1,1,C5
TCGA-NQ-A57I-01,0,0,0,0,0,0,0,1,1,1,1,0,0,0,0,1,0,0,C3
TCGA-TS-A7OU-01,0,0,0,0,0,0,0,1,0,0,1,0,1,0,0,1,0,0,C4
TCGA-MQ-A4LP-01,0,0,0,0,0,0,0,0,0,1,1,0,0,1,0,1,1,0,C3
TCGA-MQ-A6BQ-01,0,0,0,0,0,0,0,0,1,0,0,0,0,1,0,0,0,0,C2
TCGA-SC-A6LR-01,0,0,0,0,0,0,0,0,0,0,0,0,0,0,0,0,0,0,C2
TCGA-UT-A88E-01,0,0,0,0,0,0,0,0,0,1,0,0,0,1,1,1,0,0,C1
TCGA-SC-A6LN-01,0,0,0,0,0,0,0,0,0,1,0,1,1,1,1,0,1,1,C5
TCGA-TS-A8AV-01,0,0,0,0,1,0,0,0,0,0,0,0,0,0,0,0,0,0,C2
TCGA-SH-A9CT-01,0,0,0,0,0,0,0,0,0,0,1,1,1,1,0,0,1,1,C2
TCGA-TS-A7P6-01,0,0,0,0,0,0,0,0,1,1,0,1,0,1,1,0,0,1,C5
TCGA-3H-AB3O-01,0,0,0,0,0,0,0,0,0,0,0,0,0,0,0,0,0,0,C2
TCGA-3H-AB3U-01,1,0,0,1,0,0,0,0,0,0,0,0,0,0,0,0,0,0,C2
TCGA-3H-AB3T-01,1,0,0,0,1,0,0,1,0,1,0,0,1,1,0,1,1,1,C1
TCGA-3H-AB3L-01,0,0,0,0,0,0,0,1,1,1,0,1,1,1,0,0,1,1,C5
TCGA-3H-AB3M-01,0,0,0,0,0,0,0,0,1,0,0,1,1,1,1,1,1,0,C4
TCGA-TS-A7OY-01,0,0,1,0,0,0,0,0,0,0,0,1,1,1,1,0,1,0,C2
TCGA-SC-A6LM-01,0,0,0,0,0,0,0,0,0,1,1,0,0,1,0,1,0,0,C3
TCGA-LK-A4O5-01,0,0,1,0,0,0,0,0,0,1,0,1,0,1,1,1,0,0,C5
TCGA-LK-A4O4-01,0,0,0,0,0,0,0,0,0,0,0,0,0,0,0,0,0,0,C2
TCGA-LK-A4O7-01,1,0,0,0,0,0,0,0,0,1,0,1,0,1,1,1,1,0,C5
TCGA-3H-AB3S-01,0,0,0,0,0,0,0,0,0,1,0,1,0,1,0,1,0,0,C5
TCGA-MQ-A4LJ-01,0,0,0,0,0,0,0,0,0,1,0,1,0,1,0,0,0,1,C5
TCGA-SH-A9CU-01,0,0,0,0,0,0,0,0,0,0,0,0,0,0,0,0,0,0,C2
TCGA-TS-A8AS-01,0,0,0,0,0,0,0,0,1,0,0,0,0,0,0,0,0,1,C2
TCGA-UT-A88G-01,0,0,0,0,0,0,0,0,0,1,0,0,0,0,0,0,0,0,C1
TCGA-TS-A7P1-01,1,0,0,0,0,0,0,0,0,1,0,0,0,1,0,1,0,0,C1
TCGA-3H-AB3X-01,0,0,0,0,0,0,0,0,0,0,0,1,0,1,1,0,1,0,C2
TCGA-3U-A98E-01,0,0,0,0,1,0,0,0,1,0,0,0,0,0,0,1,0,0,C4
TCGA-XT-AASU-01,1,0,0,0,0,0,0,0,0,0,0,0,0,0,1,0,0,0,C2
TCGA-MQ-A4LI-01,0,0,0,0,0,0,0,0,0,0,0,1,0,1,1,0,1,1,C2
TCGA-LK-A4NW-01,1,0,0,0,0,0,0,0,0,0,0,0,1,0,0,1,0,1,C4
TCGA-ZN-A9VP-01,0,0,0,0,0,0,0,1,0,1,0,1,1,1,0,1,0,0,C5
TCGA-MQ-A4LM-01,0,0,1,0,1,0,0,0,1,1,0,0,0,1,1,0,1,1,C1
TCGA-3U-A98F-01,0,0,1,0,0,0,0,0,0,0,0,0,0,0,0,0,0,0,C2
TCGA-TS-A7P8-01,0,0,0,0,0,0,0,0,0,0,0,0,0,0,0,0,0,0,C2
TCGA-TS-A7P0-01,0,0,0,0,0,0,0,0,0,0,0,0,0,0,0,0,0,0,C2
TCGA-3U-A98D-01,0,0,0,0,0,0,0,0,1,1,1,0,0,1,0,0,1,0,C3
TCGA-LK-A4O2-01,1,0,0,0,0,0,0,0,1,1,0,1,0,1,0,1,0,1,C5
